sn,z,tmax,mb,dmb,dm15,dm15err,color,dcolor
Ombo,0.975,53367.8896749461,24.8736798518327,0.008059449042634,0.841751950981127,0.039183120265984,,
